The file `data/train.csv` is intended to contain the training dataset for the Spaceship Titanic competition. Below is a sample structure of what the contents of this CSV file might look like, including some hypothetical data. 

PassengerId,Home.Destination,Transported
1,Planet A,True
2,Planet B,False
3,Planet C,True
4,Planet D,False
5,Planet E,True
6,Planet F,False
7,Planet G,True
8,Planet H,False
9,Planet I,True
10,Planet J,False

This is a simplified example. The actual dataset may contain more features and different values.